item_number,attribute_key,attribute_label,attribute_value
R17-B00-RNLA,adjusting_knob,Adjusting Knob,Acetal
R17-B00-RNLA,adjustment,Adjustment,Knob
R17-B00-RNLA,body,Body,Aluminium alloy
R17-B00-RNLA,bonnet,Bonnet,Aluminium alloy
R17-B00-RNLA,certification__reach,Certification - REACH,SVHC substance not present
R17-B00-RNLA,certification__rohs_compliant,Certification - RoHS Compliant,Compliant
R17-B00-RNLA,certification__weee,Certification - WEEE,NonWEEE
R17-B00-RNLA,elastomers,Elastomers,Nitrile rubber (NBR)
R17-B00-RNLA,eu_country_of_origin,Country of Origin,Mexico
R17-B00-RNLA,flow_expression,Flow,"208 dm3/s, 440 scfm"
R17-B00-RNLA,gauge_port,Gauge Port,1/4 PTF
R17-B00-RNLA,inlet_pressure_expression,Inlet Pressure,"20 bar, 290 psi"
R17-B00-RNLA,medium,Medium,Compressed air
R17-B00-RNLA,mil_spec,Mil Spec,Available on request
R17-B00-RNLA,operating_temperature_expression,Operating Temperature,"-34 ... 80 °C, -29 ... 176 °F"
R17-B00-RNLA,outlet_pressure_adjustment_expression,Outlet Pressure Adjustment,"0.3 ... 8.5 bar, 4 ... 125 psi"
R17-B00-RNLA,port_size,Port Size,1-1/2 PTF
R17-B00-RNLA,regulator_type,Regulator Type,General purpose
R17-B00-RNLA,relievingnonrelieving,Relieving/Non-relieving,Relieving
RM/91050/M/25,barrel,Barrel,Anodised aluminium
RM/91050/M/25,certification__reach,Certification - REACH,SVHC substance not present
RM/91050/M/25,certification__rohs_compliant,Certification - RoHS Compliant,Compliant
RM/91050/M/25,certification__weee,Certification - WEEE,NonWEEE
RM/91050/M/25,cushioning,Cushioning,No cushioning
RM/91050/M/25,cylinder_diameter_expression,Cylinder Diameter,50 mm
RM/91050/M/25,eu_country_of_origin,Country of Origin,Czechia
RM/91050/M/25,medium,Medium,Compressed air
RM/91050/M/25,mil_spec,Mil Spec,Available on request
RM/91050/M/25,non_magnetic_or_magnetic,Non Magnetic Or Magnetic,Magnetic
RM/91050/M/25,operating_pressure_expression,Operating Pressure,"2 ... 10 bar, 29 ... 145 psi"
RM/91050/M/25,operating_temperature_expression,Operating Temperature,"-5 ... 80 °C, 23 ... 176 °F"
RM/91050/M/25,operation,Operation,Single acting
RM/91050/M/25,piston_head_seals,Piston Head Seals,Nitrile rubber (NBR)
RM/91050/M/25,piston_rod_material,Piston Rod Material,Stainless steel (martensitic)
RM/91050/M/25,piston_rod_seals,Piston Rod Seals,Polyurethane (PU)
RM/91050/M/25,piston_rod_thread_type,Piston Rod Thread Type,Female thread
RM/91050/M/25,port_size,Port Size,G1/8
RM/91050/M/25,sprung_in_or_sprung_out,Sprung In Or Sprung Out,Sprung in
RM/91050/M/25,stroke_length_expression,Stroke Length,25 mm
RM/91050/M/25,theoretical_force_expression,Theoretical Force,1094 N
T1000C3800,body,Body,Aluminium alloy
T1000C3800,bulkhead_thread,Bulkhead Thread,M20
T1000C3800,certification__reach,Certification - REACH,SVHC substance not present
T1000C3800,certification__rohs_compliant,Certification - RoHS Compliant,Compliant
T1000C3800,certification__weee,Certification - WEEE,NonWEEE
T1000C3800,cv_body_flow_coefficient_expression,Cv Body Flow Coefficient,1.64 gpm
T1000C3800,cv_regulated_flow_expression,Cv Regulated Flow,1.17 gpm
T1000C3800,data_performance_shelf_life,Data Performance Shelf Life,3 years
T1000C3800,eu_country_of_origin,Country of Origin,China
T1000C3800,external_hex,External Hex,24 mm | 14 mm
T1000C3800,flow_direction,Flow Direction,Uni-directional (in-line)
T1000C3800,internal_thread,Internal Thread,G3/8
T1000C3800,kv_regulated_flow_expression,Kv Regulated Flow,1.62 m3/h
T1000C3800,kv_value_expression,Kv Value,1.43 m3/h
T1000C3800,medium,Medium,Compressed air
T1000C3800,mil_spec,Mil Spec,Available on request
T1000C3800,operating_pressure_expression,Operating Pressure,"1 ... 10 bar, 14.5 ... 145 psi"
T1000C3800,operating_temperature_expression,Operating Temperature,"-20 ... 80 °C, -4 ... 176 °F"
T1000C3800,packing_and_supply_gross_weight_weight_kilogram,Packing And Supply Gross Weight Weight Kilogram,0.16 kg
T1000C3800,packing_and_supply_packaging_height_length_millimetre,Packing And Supply Packaging Height Length Millimetre,88.5 mm
T1000C3800,packing_and_supply_packaging_length_length_millimetre,Packing And Supply Packaging Length Length Millimetre,68 mm
T1000C3800,packing_and_supply_packaging_material,Packing And Supply Packaging Material,Cardboard Box
T1000C3800,packing_and_supply_packaging_width_length_millimetre,Packing And Supply Packaging Width Length Millimetre,38 mm
T1000C3800,packing_and_supply_specified_supplier_packaging,Packing And Supply Specified Supplier Packaging,No
T1000C3800,packing_and_supply_unit_of_measure,Packing And Supply Unit Of Measure,EA
T1000C3800,product_height_expression,Product Height,78.5 mm
T1000C3800,product_length_expression,Product Length,58 mm
T1000C3800,product_weight_expression,Product Weight,0.15 kg
T1000C3800,product_width_expression,Product Width,28 mm
T1000C3800,seals,Seals,Nitrile rubber (NBR)
T1000C3800,shape,Shape,Straight
C/837,body,Body,Brass
C/837,certification__reach,Certification - REACH,SVHC substance not present
C/837,certification__rohs_compliant,Certification - RoHS Compliant,Compliant
C/837,certification__weee,Certification - WEEE,NonWEEE
C/837,cv_body_flow_coefficient_expression,Cv Body Flow Coefficient,1 gpm
C/837,cv_regulated_flow_expression,Cv Regulated Flow,0.49 gpm
C/837,data_performance_shelf_life,Data Performance Shelf Life,3 years
C/837,eu_country_of_origin,Country of Origin,China
C/837,external_hex,External Hex,17 mm
C/837,flow_direction,Flow Direction,Uni-directional (in-line)
C/837,internal_thread,Internal Thread,1/4 NPT
C/837,kv_regulated_flow_expression,Kv Regulated Flow,0.43 m3/h
C/837,kv_value_expression,Kv Value,0.92 m3/h
C/837,medium,Medium,Compressed air
C/837,mil_spec,Mil Spec,Available on request
C/837,operating_pressure_expression,Operating Pressure,"0.3 ... 16 bar, 4 ... 232 psi"
C/837,operating_temperature_expression,Operating Temperature,"-20 ... 80 °C, -4 ... 176 °F"
C/837,packing_and_supply_gross_weight_weight_kilogram,Packing And Supply Gross Weight Weight Kilogram,0.25 kg
C/837,packing_and_supply_packaging_height_length_millimetre,Packing And Supply Packaging Height Length Millimetre,57 mm
C/837,packing_and_supply_packaging_length_length_millimetre,Packing And Supply Packaging Length Length Millimetre,95 mm
C/837,packing_and_supply_packaging_material,Packing And Supply Packaging Material,Cardboard Box
C/837,packing_and_supply_packaging_width_length_millimetre,Packing And Supply Packaging Width Length Millimetre,32 mm
C/837,packing_and_supply_specified_supplier_packaging,Packing And Supply Specified Supplier Packaging,No
C/837,packing_and_supply_unit_of_measure,Packing And Supply Unit Of Measure,EA
C/837,product_height_expression,Product Height,47 mm
C/837,product_length_expression,Product Length,85 mm
C/837,product_weight_expression,Product Weight,0.15 kg
C/837,product_width_expression,Product Width,22 mm
C/837,seals,Seals,Nitrile rubber (NBR)
C/837,shape,Shape,Straight
18-015-210,certification__reach,Certification - REACH,SVHC substance not present
18-015-210,certification__rohs_compliant,Certification - RoHS Compliant,Compliant
18-015-210,certification__weee,Certification - WEEE,NonWEEE
18-015-210,data_performance_shelf_life,Data Performance Shelf Life,10 years
18-015-210,eu_country_of_origin,Country of Origin,China
18-015-210,inlet_pressure_expression,Inlet Pressure,"20 bar, 290 psi"
18-015-210,mil_spec,Mil Spec,Available on request
18-015-210,operating_pressure_expression,Operating Pressure,"0 ... 20 bar, 0 ... 290 psi"
18-015-210,operating_temperature_expression,Operating Temperature,"-40 ... 65 °C, -40 ... 149 °F"
18-015-210,packing_and_supply_gross_weight_weight_kilogram,Packing And Supply Gross Weight Weight Kilogram,0.181 kg
18-015-210,packing_and_supply_packaging_height_length_millimetre,Packing And Supply Packaging Height Length Millimetre,60 mm
18-015-210,packing_and_supply_packaging_length_length_millimetre,Packing And Supply Packaging Length Length Millimetre,60 mm
18-015-210,packing_and_supply_packaging_material,Packing And Supply Packaging Material,Cardboard Box
18-015-210,packing_and_supply_packaging_width_length_millimetre,Packing And Supply Packaging Width Length Millimetre,54 mm
18-015-210,packing_and_supply_product_diameter_length_millimetre,Packing And Supply Product Diameter Length Millimetre,50 mm
18-015-210,packing_and_supply_specified_supplier_packaging,Packing And Supply Specified Supplier Packaging,No
18-015-210,packing_and_supply_unit_of_measure,Packing And Supply Unit Of Measure,EA
18-015-210,port_size,Port Size,1/4 NPT
18-015-210,product_height_expression,Product Height,50 mm
18-015-210,product_length_expression,Product Length,50 mm
18-015-210,product_weight_expression,Product Weight,0.081 kg
18-015-210,product_width_expression,Product Width,44 mm
18-015-210,scale_pressure_expression,Scale Pressure,"0 ... 20 bar, 0 ... 2 MPa, 0 ... 300 psi"
